{
  "User": [
    {
      "id": "badb",
      "firstname": "vishva",
      "lastname": "hirpara",
      "age": "21",
      "profession": "JHIEFUDFNCJKVHB",
      "number": "9316665655",
      "image": null
    },
    {
      "id": "402e",
      "firstname": "srushti",
      "lastname": "bhanderi",
      "age": "20",
      "profession": "jfgrjbecjdnfdgfw",
      "number": "123456788",
      "image": null
    },
    {
      "id": "bd80",
      "firstname": "jasmin",
      "lastname": "mulani",
      "age": "18",
      "profession": "hertqyugrgftre",
      "number": "9316665655",
      "image": null
    }
  ]
}